Month,Avg_AQI
01,231.67491826249417
02,202.90519730510107
03,164.73528147829825
04,143.35511982570807
05,135.4895790764201
06,120.19837883959045
07,111.85457516339869
08,113.61317567567568
09,115.19180421172453
10,188.61355214399154
11,241.68130165289256
12,227.08498023715416
