Year,Avg_AQI
2015,212.4630541871921
2016,197.150019432569
2017,181.47278911564626
2018,182.68431167016072
2019,156.51817281855466
2020,113.52069667496042
