Avg_PM2_5,Avg_PM10,Avg_NO2,Avg_SO2,Avg_CO
67.45057795305125,83.13617014241342,28.851683301677088,13.760223401371674,2.347792884264549
